date,store,category,sales,customers
2026-01-01,강남,음료,125,825
2026-01-01,강남,디저트,61,486
2026-01-01,강남,굿즈,26,184
2026-01-01,강남,원두,44,345
2026-01-01,홍대,음료,87,696
2026-01-01,홍대,디저트,45,287
2026-01-01,홍대,굿즈,23,141
2026-01-01,홍대,원두,32,194
2026-01-01,잠실,음료,74,544
2026-01-01,잠실,디저트,46,350
2026-01-01,잠실,굿즈,18,110
2026-01-01,잠실,원두,28,196
2026-02-01,강남,음료,127,989
2026-02-01,강남,디저트,61,464
2026-02-01,강남,굿즈,26,157
2026-02-01,강남,원두,48,359
2026-02-01,홍대,음료,120,916
2026-02-01,홍대,디저트,59,442
2026-02-01,홍대,굿즈,20,134
2026-02-01,홍대,원두,33,241
2026-02-01,잠실,음료,91,600
2026-02-01,잠실,디저트,50,331
2026-02-01,잠실,굿즈,21,149
2026-02-01,잠실,원두,29,201
2026-03-01,강남,음료,161,1100
2026-03-01,강남,디저트,75,576
2026-03-01,강남,굿즈,34,228
2026-03-01,강남,원두,56,402
2026-03-01,홍대,음료,124,886
2026-03-01,홍대,디저트,59,364
2026-03-01,홍대,굿즈,27,190
2026-03-01,홍대,원두,42,277
2026-03-01,잠실,음료,106,653
2026-03-01,잠실,디저트,57,365
2026-03-01,잠실,굿즈,20,154
2026-03-01,잠실,원두,37,268
2026-04-01,강남,음료,199,1293
2026-04-01,강남,디저트,90,611
2026-04-01,강남,굿즈,39,287
2026-04-01,강남,원두,56,358
2026-04-01,홍대,음료,148,888
2026-04-01,홍대,디저트,68,514
2026-04-01,홍대,굿즈,32,220
2026-04-01,홍대,원두,46,323
2026-04-01,잠실,음료,115,757
2026-04-01,잠실,디저트,66,433
2026-04-01,잠실,굿즈,26,159
2026-04-01,잠실,원두,45,332
2026-05-01,강남,음료,194,1232
2026-05-01,강남,디저트,106,697
2026-05-01,강남,굿즈,38,263
2026-05-01,강남,원두,70,471
2026-05-01,홍대,음료,138,944
2026-05-01,홍대,디저트,71,567
2026-05-01,홍대,굿즈,31,222
2026-05-01,홍대,원두,54,421
2026-05-01,잠실,음료,141,1121
2026-05-01,잠실,디저트,63,407
2026-05-01,잠실,굿즈,28,190
2026-05-01,잠실,원두,48,337
2026-06-01,강남,음료,226,1708
2026-06-01,강남,디저트,102,799
2026-06-01,강남,굿즈,41,294
2026-06-01,강남,원두,74,512
2026-06-01,홍대,음료,157,1176
2026-06-01,홍대,디저트,89,690
2026-06-01,홍대,굿즈,31,201
2026-06-01,홍대,원두,52,317
2026-06-01,잠실,음료,126,923
2026-06-01,잠실,디저트,75,485
2026-06-01,잠실,굿즈,29,191
2026-06-01,잠실,원두,43,310
2026-07-01,강남,음료,207,1622
2026-07-01,강남,디저트,110,714
2026-07-01,강남,굿즈,44,274
2026-07-01,강남,원두,72,480
2026-07-01,홍대,음료,153,1130
2026-07-01,홍대,디저트,72,554
2026-07-01,홍대,굿즈,32,210
2026-07-01,홍대,원두,55,382
2026-07-01,잠실,음료,138,1085
2026-07-01,잠실,디저트,67,534
2026-07-01,잠실,굿즈,25,179
2026-07-01,잠실,원두,47,297
2026-08-01,강남,음료,192,1446
2026-08-01,강남,디저트,95,580
2026-08-01,강남,굿즈,43,299
2026-08-01,강남,원두,61,467
2026-08-01,홍대,음료,159,1004
2026-08-01,홍대,디저트,82,545
2026-08-01,홍대,굿즈,28,180
2026-08-01,홍대,원두,45,339
2026-08-01,잠실,음료,135,966
2026-08-01,잠실,디저트,56,382
2026-08-01,잠실,굿즈,28,193
2026-08-01,잠실,원두,39,251
2026-09-01,강남,음료,154,1108
2026-09-01,강남,디저트,85,563
2026-09-01,강남,굿즈,36,225
2026-09-01,강남,원두,61,379
2026-09-01,홍대,음료,150,942
2026-09-01,홍대,디저트,63,389
2026-09-01,홍대,굿즈,29,199
2026-09-01,홍대,원두,47,285
2026-09-01,잠실,음료,102,612
2026-09-01,잠실,디저트,52,363
2026-09-01,잠실,굿즈,21,167
2026-09-01,잠실,원두,36,227
2026-10-01,강남,음료,138,917
2026-10-01,강남,디저트,73,513
2026-10-01,강남,굿즈,34,252
2026-10-01,강남,원두,50,316
2026-10-01,홍대,음료,112,850
2026-10-01,홍대,디저트,63,441
2026-10-01,홍대,굿즈,22,164
2026-10-01,홍대,원두,42,257
2026-10-01,잠실,음료,91,604
2026-10-01,잠실,디저트,47,306
2026-10-01,잠실,굿즈,22,157
2026-10-01,잠실,원두,36,255
2026-11-01,강남,음료,145,1017
2026-11-01,강남,디저트,61,445
2026-11-01,강남,굿즈,28,198
2026-11-01,강남,원두,48,383
2026-11-01,홍대,음료,110,812
2026-11-01,홍대,디저트,58,386
2026-11-01,홍대,굿즈,25,175
2026-11-01,홍대,원두,39,309
2026-11-01,잠실,음료,101,781
2026-11-01,잠실,디저트,46,279
2026-11-01,잠실,굿즈,20,123
2026-11-01,잠실,원두,31,188
2026-12-01,강남,음료,143,861
2026-12-01,강남,디저트,70,538
2026-12-01,강남,굿즈,24,165
2026-12-01,강남,원두,39,274
2026-12-01,홍대,음료,92,615
2026-12-01,홍대,디저트,48,329
2026-12-01,홍대,굿즈,23,174
2026-12-01,홍대,원두,38,256
2026-12-01,잠실,음료,95,673
2026-12-01,잠실,디저트,44,275
2026-12-01,잠실,굿즈,19,134
2026-12-01,잠실,원두,26,170
