판매일,지점,상품,수량,단가
2026.09.01,강남점,치즈케이크,13,"6,500"
2026.09.01,강남점,아메리카노,18,"4,000"
2026.09.02,홍대점,아메리카노,19,"4,000"
2026.09.02,잠실점,아메리카노,7,"4,000"
2026.09.03,강남점,아메리카노,14,"4,000"
2026.09.03,강남점,쿠키,8,"2,500"
2026.09.04,잠실점,아메리카노,14,"4,000"
2026.09.04,잠실점,아메리카노,4,"4,000"
2026.09.05,잠실점,카페라떼,19,"4,500"
2026.09.05,잠실점,아메리카노,19,"4,000"
2026.09.06,강남점,쿠키,8,"2,500"
2026.09.06,잠실점,아메리카노,5,"4,000"
2026.09.07,홍대점,치즈케이크,5,"6,500"
2026.09.07,잠실점,아메리카노,10,"4,000"
2026.09.08,강남점,카페라떼,19,"4,500"
2026.09.08,홍대점,카페라떼,4,"4,500"
2026.09.09,잠실점,아메리카노,2,"4,000"
2026.09.09,홍대점,카페라떼,18,"4,500"
2026.09.10,홍대점,쿠키,15,"2,500"
2026.09.10,홍대점,쿠키,10,"2,500"
2026.09.11,강남점,카페라떼,8,"4,500"
2026.09.11,잠실점,아메리카노,10,"4,000"
2026.09.12,홍대점,쿠키,15,"2,500"
2026.09.12,잠실점,치즈케이크,3,"6,500"
2026.09.13,잠실점,아메리카노,14,"4,000"
2026.09.13,홍대점,카페라떼,5,"4,500"
2026.09.14,홍대점,쿠키,2,"2,500"
2026.09.14,잠실점,아메리카노,19,"4,000"
2026.09.15,홍대점,치즈케이크,12,"6,500"
2026.09.15,잠실점,쿠키,15,"2,500"
2026.09.16,강남점,아메리카노,9,"4,000"
2026.09.16,잠실점,쿠키,3,"2,500"
2026.09.17,잠실점,아메리카노,10,"4,000"
2026.09.17,홍대점,쿠키,13,"2,500"
2026.09.18,강남점,치즈케이크,15,"6,500"
2026.09.18,강남점,치즈케이크,20,"6,500"
2026.09.19,홍대점,아메리카노,2,"4,000"
2026.09.19,홍대점,카페라떼,5,"4,500"
2026.09.20,홍대점,카페라떼,13,"4,500"
2026.09.20,강남점,쿠키,6,"2,500"
2026.09.21,홍대점,쿠키,18,"2,500"
2026.09.21,강남점,치즈케이크,14,"6,500"
2026.09.22,잠실점,치즈케이크,14,"6,500"
2026.09.22,잠실점,치즈케이크,13,"6,500"
2026.09.23,강남점,카페라떼,3,"4,500"
2026.09.23,강남점,카페라떼,8,"4,500"
2026.09.24,강남점,카페라떼,16,"4,500"
2026.09.24,홍대점,카페라떼,10,"4,500"
2026.09.25,강남점,아메리카노,14,"4,000"
2026.09.25,잠실점,치즈케이크,19,"6,500"
2026.09.26,강남점,치즈케이크,17,"6,500"
2026.09.26,홍대점,아메리카노,18,"4,000"
2026.09.27,홍대점,쿠키,13,"2,500"
2026.09.27,강남점,쿠키,16,"2,500"
2026.09.28,강남점,쿠키,7,"2,500"
2026.09.28,강남점,아메리카노,15,"4,000"
2026.09.29,강남점,카페라떼,11,"4,500"
2026.09.29,강남점,아메리카노,1,"4,000"
2026.09.30,잠실점,카페라떼,4,"4,500"
2026.09.30,잠실점,치즈케이크,1,"6,500"
