grade,club,study_h,sleep_h,phone_h,score
3학년,없음,4.9,8.2,1.4,80.0
1학년,코딩,0.8,8.8,5.0,55.0
1학년,없음,3.7,7.3,3.0,77.0
2학년,운동,2.4,7.7,5.3,60.0
2학년,없음,4.6,7.2,2.0,90.0
2학년,코딩,0.4,8.0,3.7,34.0
1학년,없음,3.6,7.4,3.7,70.0
2학년,없음,5.1,6.2,1.6,80.0
2학년,없음,3.8,7.5,1.8,82.0
2학년,없음,1.9,7.4,5.0,60.0
3학년,없음,3.9,7.7,3.5,77.0
3학년,없음,2.0,7.7,0.9,59.0
3학년,코딩,4.0,7.3,2.1,77.0
3학년,코딩,0.8,10.0,3.5,55.0
3학년,코딩,1.7,8.4,4.8,60.0
1학년,코딩,0.2,8.6,6.4,33.0
3학년,코딩,0.5,8.4,6.8,36.0
2학년,운동,3.3,6.7,4.1,66.0
1학년,운동,1.4,8.7,3.2,62.0
1학년,음악,3.1,8.4,2.3,71.0
1학년,운동,4.0,7.1,2.0,82.0
3학년,코딩,5.3,7.7,2.8,70.0
3학년,없음,2.1,7.7,5.2,53.0
3학년,운동,1.9,6.8,2.1,62.0
1학년,없음,1.9,7.4,4.7,56.0
2학년,음악,0.7,7.6,5.6,32.0
2학년,없음,4.0,6.9,3.3,78.0
3학년,운동,4.9,7.2,5.8,75.0
1학년,코딩,2.8,7.0,4.1,59.0
2학년,코딩,3.3,7.3,3.4,73.0
2학년,없음,5.8,6.6,2.7,75.0
3학년,운동,4.2,6.6,2.4,72.0
2학년,코딩,4.5,6.4,1.7,83.0
2학년,없음,5.3,6.7,2.8,84.0
2학년,코딩,1.3,8.6,5.5,47.0
2학년,운동,3.9,6.8,2.8,71.0
1학년,없음,4.3,6.5,3.8,71.0
1학년,운동,5.1,6.6,2.1,87.0
1학년,운동,2.1,7.9,5.6,52.0
1학년,운동,4.1,6.7,3.2,76.0
3학년,없음,3.6,7.0,3.7,55.0
2학년,없음,2.5,7.5,4.5,66.0
1학년,없음,0.6,7.6,3.3,62.0
2학년,없음,2.1,7.7,3.8,60.0
1학년,없음,5.8,6.1,3.9,82.0
2학년,없음,1.3,9.0,4.4,47.0
3학년,코딩,0.7,7.9,6.1,47.0
1학년,코딩,2.2,8.0,4.8,52.0
2학년,없음,0.6,8.5,2.9,43.0
2학년,코딩,1.6,7.3,4.9,39.0
3학년,운동,5.5,5.8,1.2,88.0
2학년,없음,1.9,7.6,4.3,53.0
1학년,운동,3.5,7.7,2.8,67.0
1학년,코딩,1.4,7.7,4.3,51.0
2학년,없음,4.0,6.7,2.9,68.0
2학년,없음,0.8,6.5,4.8,47.0
1학년,코딩,4.7,6.6,2.2,72.0
2학년,음악,2.5,7.8,2.4,62.0
2학년,운동,1.1,8.4,3.4,49.0
1학년,코딩,4.5,7.2,3.7,64.0
3학년,없음,3.3,7.1,5.1,56.0
1학년,코딩,2.6,7.5,3.9,57.0
3학년,없음,1.4,8.5,5.1,46.0
3학년,없음,4.7,6.8,3.6,77.0
3학년,코딩,2.2,6.3,2.5,58.0
3학년,없음,0.3,9.0,3.0,46.0
2학년,없음,5.8,5.8,2.0,84.0
2학년,코딩,0.2,9.3,3.0,30.0
1학년,운동,0.7,9.3,4.4,45.0
2학년,없음,2.8,8.0,2.1,60.0
2학년,없음,1.2,8.6,3.8,50.0
3학년,없음,2.0,8.9,3.2,53.0
3학년,운동,3.4,6.6,3.8,70.0
2학년,코딩,5.7,6.7,1.5,87.0
2학년,운동,5.6,6.7,1.1,91.0
2학년,음악,0.4,7.8,4.8,48.0
2학년,음악,5.1,7.9,5.4,72.0
3학년,운동,1.0,7.8,5.0,52.0
1학년,없음,4.9,6.3,0.6,84.0
1학년,없음,1.8,8.0,4.2,48.0
2학년,음악,4.3,7.6,5.4,69.0
3학년,없음,4.3,6.6,3.0,75.0
2학년,운동,5.1,6.4,3.7,86.0
1학년,운동,5.9,6.7,3.2,83.0
1학년,없음,1.7,7.0,5.3,61.0
1학년,코딩,3.8,6.7,4.2,73.0
1학년,없음,4.4,6.5,3.1,62.0
3학년,음악,0.5,8.1,4.6,38.0
2학년,운동,4.0,7.0,2.7,76.0
1학년,음악,1.9,8.9,4.2,46.0
2학년,없음,1.0,8.7,4.9,50.0
2학년,없음,3.3,7.4,2.1,77.0
2학년,없음,2.8,7.4,3.3,61.0
2학년,없음,3.5,7.8,3.2,77.0
2학년,음악,3.9,7.4,3.2,79.0
1학년,없음,3.0,8.0,3.2,64.0
1학년,없음,5.4,7.4,3.1,81.0
3학년,운동,1.1,7.5,4.3,50.0
3학년,운동,1.7,6.6,3.8,57.0
2학년,운동,2.1,7.8,2.7,50.0
2학년,없음,4.6,6.9,1.9,78.0
2학년,없음,3.9,7.3,3.3,61.0
1학년,운동,1.2,7.7,4.5,47.0
2학년,없음,4.5,6.8,0.7,79.0
2학년,운동,4.6,7.2,3.6,64.0
2학년,없음,4.6,7.3,2.0,71.0
3학년,운동,0.5,9.1,3.8,44.0
2학년,없음,1.3,6.7,5.5,61.0
3학년,운동,5.4,5.6,3.5,72.0
2학년,코딩,5.3,7.5,1.6,85.0
1학년,음악,1.2,8.4,4.0,45.0
3학년,코딩,3.3,7.8,2.1,67.0
3학년,없음,1.6,7.8,5.0,57.0
2학년,음악,2.5,7.3,4.7,60.0
3학년,없음,0.1,8.6,4.5,44.0
2학년,음악,1.7,7.3,5.5,54.0
3학년,음악,1.6,7.0,5.1,54.0
1학년,운동,5.5,5.9,2.1,71.0
1학년,운동,3.5,7.3,4.0,69.0
3학년,운동,1.1,8.5,2.8,52.0
3학년,없음,2.6,8.6,3.4,64.0
2학년,운동,3.0,7.7,3.8,68.0
3학년,코딩,3.8,7.5,3.1,73.0
1학년,코딩,3.2,8.4,5.4,66.0
3학년,코딩,2.5,7.2,4.1,52.0
2학년,음악,1.9,7.3,4.4,57.0
1학년,운동,3.4,7.0,2.0,69.0
1학년,운동,5.9,6.4,1.9,87.0
1학년,코딩,3.3,8.6,2.6,76.0
3학년,없음,5.3,6.4,4.7,75.0
2학년,음악,0.1,9.2,4.5,38.0
3학년,음악,1.2,7.8,4.5,42.0
2학년,없음,5.2,7.0,3.6,77.0
1학년,운동,3.4,7.7,4.0,72.0
1학년,코딩,2.9,7.8,2.1,56.0
2학년,없음,2.2,8.2,4.5,58.0
3학년,음악,1.8,7.5,4.8,38.0
3학년,음악,4.1,7.9,2.8,69.0
3학년,음악,2.2,8.3,4.4,59.0
1학년,코딩,2.6,7.2,3.8,57.0
2학년,없음,4.7,7.2,1.3,73.0
2학년,없음,5.7,5.9,1.6,84.0
2학년,음악,6.0,6.5,2.0,94.0
2학년,음악,2.9,6.8,3.0,73.0
1학년,코딩,0.8,8.7,5.1,54.0
3학년,코딩,0.1,10.2,6.0,43.0
2학년,운동,3.0,8.3,3.8,66.0
3학년,코딩,0.5,8.8,4.4,51.0
3학년,없음,0.7,7.7,6.0,36.0
3학년,운동,1.4,8.2,4.4,45.0
3학년,없음,6.0,7.1,2.4,95.0
2학년,운동,1.0,8.1,3.7,55.0
1학년,운동,0.7,8.3,4.4,51.0
1학년,코딩,5.5,5.6,3.2,83.0
1학년,없음,3.7,6.7,3.9,63.0
3학년,코딩,4.4,5.9,2.6,69.0
1학년,코딩,2.1,8.9,4.0,62.0
1학년,운동,5.6,6.8,2.4,91.0
1학년,코딩,5.9,6.9,1.1,82.0
1학년,코딩,3.4,7.2,3.1,63.0
3학년,운동,5.9,5.6,1.5,88.0
1학년,없음,3.0,7.6,2.1,72.0
1학년,운동,2.6,7.2,3.9,58.0
3학년,음악,4.7,6.3,2.5,73.0
1학년,음악,3.9,7.2,1.6,80.0
2학년,코딩,1.2,8.1,3.6,55.0
1학년,없음,3.1,7.3,3.4,61.0
1학년,없음,0.1,8.0,2.1,43.0
2학년,운동,5.3,6.1,2.5,89.0
1학년,운동,3.3,7.3,3.6,58.0
3학년,음악,0.3,9.1,5.5,39.0
2학년,음악,5.6,5.6,1.6,89.0
3학년,없음,6.0,6.0,0.6,92.0
2학년,코딩,4.4,6.9,3.4,80.0
2학년,음악,2.6,7.5,2.3,53.0
2학년,코딩,3.5,6.9,3.8,67.0
2학년,음악,0.1,9.6,4.3,44.0
2학년,없음,0.7,8.5,3.6,50.0
2학년,없음,2.0,7.2,4.3,59.0
3학년,없음,2.5,6.5,4.9,51.0
1학년,없음,4.5,6.8,2.6,85.0
3학년,코딩,1.0,9.0,4.3,51.0
1학년,코딩,0.7,8.4,3.0,52.0
1학년,없음,4.2,5.6,3.7,69.0
1학년,코딩,5.3,5.8,2.4,83.0
3학년,없음,5.3,6.7,2.1,91.0
1학년,음악,4.5,7.6,4.1,73.0
3학년,음악,5.9,6.5,0.5,91.0
2학년,운동,3.1,7.5,2.9,68.0
2학년,없음,4.6,7.5,2.7,67.0
1학년,운동,2.5,8.4,3.5,59.0
2학년,없음,2.1,7.4,1.5,66.0
1학년,음악,5.5,6.8,2.6,80.0
2학년,없음,2.6,7.0,3.7,61.0
3학년,운동,4.5,6.3,3.8,74.0
3학년,운동,3.0,7.8,5.5,51.0
3학년,없음,0.7,7.4,4.5,51.0
1학년,음악,0.8,8.3,5.0,37.0
3학년,음악,3.1,7.6,3.7,67.0
2학년,운동,4.2,7.5,3.1,72.0
